{
  "RMSD": 0.001236964422033502,
  "MAD": 0.0008257336374358215,
  "RL2": 0.00877308127977704
}