{
  "RMSD": 0.0011497911472408864,
  "MAD": 0.0008517521803635641,
  "RL2": 0.008154811092245938
}