{
  "RMSD": 0.0014118377933173304,
  "MAD": 0.0010201168054572354,
  "RL2": 0.010013358099881171
}