{
  "omega": 0.37836686252228013,
  "tau": 11.409935441045002,
  "A": 2.0232508802022844,
  "phi": -0.9307532908787155
}