{
  "omega": 0.3696669582201341,
  "tau": 10.671310361297195
}