{
  "omega": 0.37143349328745634,
  "tau": 10.923768315998672,
  "omega_pct_err": 0.6065043383847035,
  "tau_pct_err": 2.8220948670165296,
  "omega_theory": 0.3737,
  "tau_theory": 11.241
}