{
  "omega": 0.37957737148798754,
  "tau": 11.461371658908257,
  "A": 2.0105955102264796,
  "phi": -0.950000443418487,
  "omega_pct_err": 1.5727512678585922,
  "tau_pct_err": 1.9604275323214824,
  "omega_theory": 0.3737,
  "tau_theory": 11.241
}