{
  "omega": 0.32467364453030695,
  "tau": 5.355123814432952,
  "omega_pct_err": 13.119174597188396,
  "tau_pct_err": 52.36078805770882,
  "omega_theory": 0.3737,
  "tau_theory": 11.241
}