{
  "omega": 0.36426856199258756,
  "tau": 8.792909814312505,
  "A": 2.860270712171964,
  "phi": -0.8521230254142641,
  "omega_pct_err": 2.523799306238271,
  "tau_pct_err": 21.778224229939458,
  "omega_theory": 0.3737,
  "tau_theory": 11.241
}