{
  "omega": 0.3797934312280579,
  "tau": 11.465442487650979,
  "A": 2.0118487708856447,
  "phi": -0.952411351469737
}