{
  "omega": 0.37161698636363666,
  "tau": 10.928644029033764
}