{
  "omega": 0.3448817036355826,
  "tau": 9.143055942243192,
  "A": 2.622229917484996,
  "phi": -0.5171972549947261
}