{
  "omega": 0.2994683680674248,
  "tau": 8.760552073122923
}