{
  "RMSD": 0.022389002685930907,
  "MAD": 0.010956616314126809,
  "RL2": 0.15879239276252885
}