{
  "RMSD": 0.024517315596844762,
  "MAD": 0.015031730858148731,
  "RL2": 0.17388729915082304
}