{
  "omega": 0.37963548903898087,
  "tau": 11.450971572542603,
  "A": 2.0160326160773105,
  "phi": -0.949163745814761
}