{
  "omega": 0.3716183320693557,
  "tau": 10.941923460586437
}