{
  "RMSD": 0.001052490649225983,
  "MAD": 0.0006224823163336708,
  "RL2": 0.007464714301713985
}