{
  "RMSD": 0.0009480309193361137,
  "MAD": 0.0005776923343022781,
  "RL2": 0.006723841173543644
}