{
  "omega": -3.1664335532422373e-07,
  "tau": 4.868286575369937,
  "omega_pct_err": 100.00008473196556,
  "tau_pct_err": 56.69169490819378,
  "omega_theory": 0.3737,
  "tau_theory": 11.241
}