{
  "omega": 62.87158387450956,
  "tau": 1.1617363511163243,
  "A": -210035.93269114057,
  "phi": -250845.56174161902,
  "omega_pct_err": 16724.079174340262,
  "tau_pct_err": 89.66518680618873,
  "omega_theory": 0.3737,
  "tau_theory": 11.241
}