{
  "RMSD": 0.030751590284237774,
  "MAD": 0.01603895842839323,
  "RL2": 0.21810344440020848
}