{
  "RMSD": 0.0018308174385116688,
  "MAD": 0.0010841468996277094,
  "RL2": 0.01298494112715964
}