{
  "omega": 0.3790344797081784,
  "tau": 11.443358263872296,
  "A": 2.0149449995832334,
  "phi": -0.9418551113286026,
  "omega_pct_err": 1.4274765074065852,
  "tau_pct_err": 1.8001802675233227,
  "omega_theory": 0.3737,
  "tau_theory": 11.241
}