{
  "omega": 0.3705316568085272,
  "tau": 10.83093174078704,
  "omega_pct_err": 0.847830664028044,
  "tau_pct_err": 3.6479695686590112,
  "omega_theory": 0.3737,
  "tau_theory": 11.241
}