{
  "omega": 0.37161698636363755,
  "tau": 10.928644029033745
}