{
  "omega": 0.3797934306391816,
  "tau": 11.465442484919787,
  "A": 2.0118487725291674,
  "phi": -0.9524113404821574
}