{
  "omega": 0.3789787791841808,
  "tau": 11.461414931300723,
  "A": 2.013188942025433,
  "phi": -0.940813700725098
}