{
  "omega": 0.37907952351226504,
  "tau": 11.427024454537499,
  "A": 2.019843027179302,
  "phi": -0.9437983299574219,
  "omega_pct_err": 1.439529973846685,
  "tau_pct_err": 1.654874606685339,
  "omega_theory": 0.3737,
  "tau_theory": 11.241
}