{
  "omega": 0.37070132274693124,
  "tau": 10.817408696881596,
  "omega_pct_err": 0.80242902142594,
  "tau_pct_err": 3.768270644234528,
  "omega_theory": 0.3737,
  "tau_theory": 11.241
}