{
  "omega": 0.37076715722042286,
  "tau": 10.905743406375125
}