{
  "omega": 0.37115878421592513,
  "tau": 10.91767712487117,
  "omega_pct_err": 0.6800149275019658,
  "tau_pct_err": 2.8762821379666317,
  "omega_theory": 0.3737,
  "tau_theory": 11.241
}