{
  "omega": 0.3795600245570906,
  "tau": 11.492638548266727,
  "A": 2.003433045102765,
  "phi": -0.9483807080990142,
  "omega_pct_err": 1.5681093275597044,
  "tau_pct_err": 2.238577958070704,
  "omega_theory": 0.3737,
  "tau_theory": 11.241
}